date, open, high, low, close
2019-07-25, 9.8, 9.8, 9.8, 9.8
2019-07-26, 9.8, 9.8, 9.8, 9.8
2019-07-29, 9.8, 9.8, 9.8, 9.8
2019-07-30, 9.8, 9.8, 9.8, 9.8
2019-07-31, 9.8, 9.8, 9.8, 9.8
2019-08-01, 9.8, 9.8, 9.8, 9.8
2019-08-02, 9.8, 9.8, 9.8, 9.8
2019-08-05, 9.8, 9.8, 9.8, 9.8
2019-08-06, 9.8, 9.8, 9.8, 9.8
2019-08-07, 9.76, 9.76, 9.76, 9.76
2019-08-08, 9.76, 9.76, 9.76, 9.76
2019-08-09, 9.76, 9.76, 9.76, 9.76
2019-08-12, 9.76, 9.76, 9.76, 9.76
2019-08-13, 9.77, 9.78, 9.77, 9.78
2019-08-14, 9.77, 9.78, 9.77, 9.78
2019-08-15, 9.77, 9.78, 9.77, 9.78
2019-08-19, 9.78, 9.78, 9.78, 9.78
2019-08-20, 9.84, 9.85, 9.84, 9.85
2019-08-21, 9.85, 9.85, 9.85, 9.85
2019-08-22, 9.85, 9.85, 9.85, 9.85
2019-08-23, 9.85, 9.85, 9.85, 9.85
2019-08-26, 9.85, 9.85, 9.85, 9.85
2019-08-27, 9.85, 9.85, 9.85, 9.85
2019-08-28, 9.85, 9.85, 9.85, 9.85
2019-08-29, 9.85, 9.85, 9.85, 9.85
2019-08-30, 9.85, 9.85, 9.85, 9.85
2019-09-03, 9.85, 9.85, 9.85, 9.85
2019-09-04, 9.85, 9.85, 9.85, 9.85
2019-09-05, 9.85, 9.85, 9.85, 9.85
2019-09-06, 9.85, 9.85, 9.85, 9.85
2019-09-09, 9.85, 9.85, 9.85, 9.85
2019-09-10, 9.85, 9.85, 9.85, 9.85
2019-09-11, 9.85, 9.85, 9.85, 9.85
2019-09-12, 9.85, 9.85, 9.85, 9.85
2019-09-13, 9.85, 9.85, 9.85, 9.85
2019-09-16, 9.85, 9.85, 9.85, 9.85
2019-09-17, 9.85, 9.85, 9.85, 9.85
2019-09-18, 9.85, 9.92, 9.85, 9.9
2019-09-19, 9.9, 9.9, 9.9, 9.9
2019-09-20, 9.84, 9.85, 9.84, 9.85
2019-09-23, 9.85, 9.85, 9.85, 9.85
2019-09-24, 9.85, 9.85, 9.85, 9.85
2019-09-25, 9.85, 9.85, 9.85, 9.85
2019-09-26, 9.85, 9.85, 9.85, 9.85
2019-09-27, 9.85, 9.85, 9.85, 9.85
2019-09-30, 9.85, 9.85, 9.85, 9.85
2019-10-01, 9.906, 9.92, 9.906, 9.92
2019-10-02, 9.92, 9.92, 9.92, 9.92
2019-10-03, 9.89, 9.89, 9.89, 9.89
2019-10-04, 9.92, 9.92, 9.8955, 9.92
2019-10-07, 9.92, 9.92, 9.92, 9.92
2019-10-08, 9.92, 9.92, 9.92, 9.92
2019-10-09, 9.92, 9.92, 9.92, 9.92
2019-10-10, 9.92, 9.92, 9.92, 9.92
2019-10-11, 9.92, 9.92, 9.92, 9.92
2019-10-14, 9.92, 9.92, 9.92, 9.92
2019-10-15, 9.85, 9.95, 9.85, 9.95
2019-10-16, 9.85, 9.95, 9.85, 9.926
2019-10-17, 9.9, 9.95, 9.9, 9.95
2019-10-18, 9.95, 9.95, 9.9, 9.95
2019-10-21, 9.95, 9.95, 9.9, 9.9239
2019-10-22, 9.9001, 9.9001, 9.87, 9.87
2019-10-23, 9.87, 9.87, 9.87, 9.87
2019-10-24, 9.87, 9.87, 9.87, 9.87
2019-10-25, 9.85, 9.85, 9.85, 9.85
2019-10-28, 9.85, 9.85, 9.85, 9.85
2019-10-29, 9.93, 9.93, 9.93, 9.93
2019-10-30, 9.9, 9.9121, 9.8501, 9.8809
2019-10-31, 10.15, 10.15, 10.07, 10.08
2019-11-01, 10.1, 10.132, 10.08, 10.08
2019-11-04, 10.09, 10.09, 10.06, 10.09
2019-11-05, 10.07, 10.09, 10.06, 10.09
2019-11-06, 10.0701, 10.1, 10.05, 10.05
2019-11-07, 10.07, 10.1, 10.04, 10.08
2019-11-08, 10.075, 10.1, 10.07, 10.1
2019-11-11, 10.0888, 10.0888, 10.0864, 10.0864
2019-11-12, 10.0864, 10.0864, 10.0864, 10.0864
2019-11-13, 10.086, 10.086, 10.086, 10.086
2019-11-14, 10.05, 10.1, 10.04, 10.09
2019-11-15, 10.09, 10.09, 10.09, 10.09
2019-11-18, 10.05, 10.09, 10.04, 10.04
2019-11-19, 10.04, 10.04, 10.04, 10.04
2019-11-20, 10.0427, 10.0427, 10.0427, 10.0427
2019-11-21, 10.0427, 10.0427, 10.0427, 10.0427
2019-11-22, 10.043, 10.043, 10.043, 10.043
2019-11-25, 10.09, 10.09, 10.04, 10.04
2019-11-26, 10.09, 10.09, 10.04, 10.04
2019-11-27, 10.04, 10.0618, 10.04, 10.05
2019-11-29, 10.05, 10.05, 10.05, 10.05
2019-12-02, 10.08, 10.08, 10.075, 10.075
2019-12-03, 10.075, 10.075, 10.075, 10.075
2019-12-04, 10.075, 10.075, 10.075, 10.075
2019-12-05, 10.06, 10.06, 10.06, 10.06
2019-12-06, 10.06, 10.0652, 10.06, 10.0652
2019-12-09, 10.0839, 10.0839, 10.06, 10.06
2019-12-10, 10.09, 10.09, 10.09, 10.09
2019-12-11, 10.0835, 10.0835, 10.08, 10.08
2019-12-12, 10.0744, 10.0744, 10.0744, 10.0744
2019-12-13, 10.09, 10.09, 10.09, 10.09
2019-12-16, 10.08, 10.09, 10.08, 10.08
2019-12-17, 10.1, 10.1, 10.0864, 10.09
2019-12-18, 10.1, 10.15, 10.09, 10.14
2019-12-19, 10.15, 10.3073, 10.15, 10.18
2019-12-20, 10.19, 10.19, 10.17, 10.17
2019-12-23, 10.8, 10.85, 10.66, 10.84
2019-12-24, 11.0, 11.04, 10.82, 10.84
2019-12-26, 10.95, 10.95, 10.72, 10.74
2019-12-27, 10.75, 10.8, 10.6, 10.68
2019-12-30, 10.7, 10.7, 10.61, 10.64
2019-12-31, 10.69, 10.8, 10.59, 10.7
2020-01-02, 10.79, 10.8, 10.65, 10.68
2020-01-03, 10.66, 10.75, 10.61, 10.68
2020-01-06, 10.75, 10.9, 10.6917, 10.8
2020-01-07, 10.89, 10.95, 10.87, 10.9
2020-01-08, 10.94, 11.35, 10.8844, 11.26
2020-01-09, 11.43, 12.39, 11.34, 12.25
2020-01-10, 12.41, 12.63, 11.9823, 12.39
2020-01-13, 12.61, 12.64, 11.55, 12.0
2020-01-14, 12.14, 12.28, 11.82, 11.94
2020-01-15, 12.0, 13.0, 11.99, 12.7
2020-01-16, 13.11, 13.44, 12.94, 12.99
2020-01-17, 13.23, 13.67, 12.76, 13.57
2020-01-21, 13.83, 14.5, 13.32, 13.83
2020-01-22, 14.0, 14.39, 13.72, 14.27
2020-01-23, 14.47, 14.6, 14.11, 14.44
2020-01-24, 14.6, 14.7173, 14.16, 14.36
2020-01-27, 14.59, 15.14, 14.35, 15.0
2020-01-28, 15.35, 15.75, 14.3, 15.08
2020-01-29, 14.93, 14.9699, 14.0, 14.5
2020-01-30, 14.77, 14.89, 14.36, 14.67
2020-01-31, 14.79, 15.0, 14.4, 14.53
2020-02-03, 14.84, 14.87, 14.04, 14.51
2020-02-04, 14.64, 15.0255, 14.45, 14.57
2020-02-05, 14.81, 14.9, 13.85, 14.25
2020-02-06, 14.35, 14.48, 13.26, 13.61
2020-02-07, 13.64, 14.74, 13.5, 14.5
2020-02-10, 14.52, 16.74, 14.5, 16.02
2020-02-11, 16.39, 17.36, 16.3, 16.82
2020-02-12, 17.07, 18.69, 16.9, 18.35
2020-02-13, 18.48, 18.65, 17.25, 17.91
2020-02-14, 17.96, 18.3, 16.86, 17.33
2020-02-18, 17.55, 17.77, 16.6501, 17.29
2020-02-19, 17.96, 18.36, 17.65, 17.97
2020-02-20, 18.13, 18.14, 16.75, 17.65
2020-02-21, 17.57, 17.6167, 16.85, 16.95
2020-02-24, 16.44, 16.8208, 15.8, 16.64
2020-02-25, 17.37, 17.8224, 16.5, 16.96
2020-02-26, 17.39, 17.65, 16.3824, 16.83
2020-02-27, 16.31, 16.7, 15.94, 16.17
2020-02-28, 15.68, 16.15, 15.35, 16.02
2020-03-02, 16.1, 17.0499, 16.1, 16.66
2020-03-03, 17.0, 17.05, 16.25, 16.41
2020-03-04, 16.67, 19.5, 16.532, 18.69
2020-03-05, 17.79, 18.83, 17.55, 17.94
2020-03-06, 17.4, 17.465, 16.7, 16.83
2020-03-09, 15.0, 17.45, 14.5, 17.01
2020-03-10, 17.66, 17.9899, 16.01, 16.6
2020-03-11, 16.25, 16.75, 13.501, 14.5
2020-03-12, 11.0, 12.74, 10.6, 11.17
2020-03-13, 12.29, 12.45, 11.2301, 12.45
2020-03-16, 11.0, 12.0, 10.9, 11.8
2020-03-17, 11.46, 13.04, 11.2701, 12.89
2020-03-18, 12.0, 12.7399, 11.25, 11.4
2020-03-19, 11.4, 12.5, 11.4, 11.4
2020-03-20, 11.5, 12.23, 11.05, 11.48
2020-03-23, 11.36, 11.96, 10.92, 11.3
2020-03-24, 11.95, 13.04, 11.6, 11.85
2020-03-25, 12.22, 13.49, 11.8, 13.0
2020-03-26, 12.89, 13.89, 12.15, 13.21
2020-03-27, 12.8, 12.9599, 12.01, 12.69
2020-03-30, 12.67, 12.8, 11.63, 12.21
2020-03-31, 12.49, 12.7, 11.9, 12.34
2020-04-01, 12.24, 12.24, 11.55, 11.77
2020-04-02, 11.75, 12.72, 11.4512, 12.25
2020-04-03, 12.58, 12.58, 11.37, 12.25
2020-04-06, 12.35, 12.79, 12.26, 12.61
2020-04-07, 13.25, 13.91, 12.68, 13.03
2020-04-08, 13.36, 15.27, 13.21, 14.75
2020-04-09, 15.5, 15.5, 14.0501, 14.51
2020-04-13, 14.08, 14.4, 13.6, 14.25
2020-04-14, 14.5, 15.14, 14.05, 14.75
2020-04-15, 14.7, 15.68, 14.354, 15.49
2020-04-16, 16.15, 16.45, 15.55, 16.09
2020-04-17, 17.0, 17.68, 15.8217, 16.95
2020-04-20, 17.15, 18.19, 16.8, 17.57
2020-04-21, 17.74, 18.7989, 16.6, 17.2
2020-04-22, 17.89, 18.1443, 16.9, 17.15
2020-04-23, 17.81, 17.85, 16.11, 17.53
2020-04-24, 20.4937, 20.75, 17.6, 19.35
2020-04-27, 22.36, 22.5, 19.5, 19.52
2020-04-28, 19.86, 19.9, 18.0, 18.24
2020-04-29, 18.35, 19.8, 18.35, 19.4
2020-04-30, 19.5, 19.85, 18.88, 19.46
2020-05-01, 19.39, 20.35, 19.01, 20.12
2020-05-04, 20.36, 21.78, 19.95, 20.99
2020-05-05, 21.94, 22.12, 21.15, 21.61
2020-05-06, 21.94, 24.48, 21.75, 23.83
2020-05-07, 24.3, 26.85, 23.04, 23.51
2020-05-08, 24.35, 24.75, 23.1776, 23.45
2020-05-11, 23.52, 25.16, 23.5, 24.46
2020-05-12, 26.15, 28.15, 24.8, 26.3
2020-05-13, 27.44, 27.95, 23.5, 25.855
2020-05-14, 26.85, 27.25, 25.02, 25.31
2020-05-15, 25.89, 29.4, 25.35, 29.23
2020-05-18, 31.7, 31.78, 28.5, 29.55
2020-05-19, 29.54, 30.41, 28.23, 29.57
2020-05-20, 30.19, 30.9974, 29.55, 29.69
2020-05-21, 29.85, 29.89, 27.53, 28.55
2020-05-22, 28.47, 29.48, 27.56, 29.11
2020-05-26, 30.5, 33.5, 29.66, 33.39
2020-05-27, 34.46, 35.65, 31.99, 35.15
2020-05-28, 35.71, 39.6, 34.62, 37.25
2020-05-29, 37.0, 39.87, 36.65, 39.7
2020-06-01, 40.74, 43.98, 40.01, 43.7
2020-06-02, 44.54, 44.79, 39.8, 41.27
2020-06-03, 41.51, 42.48, 38.55, 40.16
2020-06-04, 39.01, 42.475, 38.8, 40.53
2020-06-05, 41.53, 41.59, 39.06, 39.34
2020-06-08, 39.93, 39.93, 35.55, 38.0
2020-06-09, 37.8, 40.6, 37.18, 39.41
2020-06-10, 40.06, 40.8, 38.39, 39.11
2020-06-11, 36.26, 38.2, 35.25, 36.28
2020-06-12, 37.89, 38.3999, 35.71, 36.88
2020-06-15, 35.5104, 41.79, 35.45, 41.79
2020-06-16, 40.96, 41.8, 39.1, 40.57
2020-06-17, 38.68, 42.08, 38.5, 40.72
2020-06-18, 39.89, 42.8, 39.76, 40.84
2020-06-19, 41.6, 42.53, 39.89, 42.0
2020-06-22, 42.96, 43.75, 38.13, 38.255
2020-06-23, 39.75, 40.5327, 37.7702, 37.99
2020-06-24, 37.95, 39.33, 36.5, 37.56
2020-06-25, 37.0, 37.07, 34.22, 36.07
2020-06-26, 36.82, 36.82, 32.67, 33.34
2020-06-29, 33.16, 34.38, 30.82, 33.54
2020-06-30, 33.06, 34.65, 32.34, 33.26
2020-07-01, 34.06, 35.15, 33.28, 33.87
2020-07-02, 34.61, 35.05, 32.85, 33.06
2020-07-06, 33.73, 33.98, 32.16, 32.42
2020-07-07, 31.704, 32.3, 30.45, 30.6
2020-07-08, 30.75, 33.36, 30.56, 33.1
2020-07-09, 33.83, 34.24, 31.85, 32.82
2020-07-10, 32.41, 33.1, 31.76, 32.43
2020-07-13, 32.55, 32.87, 29.33, 29.5
2020-07-14, 29.0, 30.4, 27.54, 30.215
2020-07-15, 31.15, 32.96, 30.8, 32.56
2020-07-16, 32.5, 36.12, 31.77, 35.64
2020-07-17, 36.65, 36.88, 34.59, 35.36
2020-07-20, 35.42, 36.75, 34.76, 35.41
2020-07-21, 36.3, 38.84, 35.95, 37.55
2020-07-22, 37.8, 38.03, 35.84, 37.75
2020-07-23, 37.6634, 38.35, 35.4106, 36.21
2020-07-24, 35.305, 37.68, 34.18, 37.55
2020-07-27, 37.55, 38.04, 32.39, 35.115
2020-07-28, 35.97, 36.1, 34.3, 34.63
2020-07-29, 35.0, 36.24, 33.57, 35.89
2020-07-30, 34.637, 35.65, 34.46, 34.79
2020-07-31, 35.46, 35.77, 32.28, 33.375
2020-08-03, 32.84, 33.29, 31.65, 32.95
2020-08-04, 32.38, 33.8399, 32.3, 33.06
2020-08-05, 33.29, 33.7, 32.11, 32.55
2020-08-06, 32.37, 34.27, 32.37, 33.65
2020-08-07, 34.45, 35.42, 33.51, 34.09
2020-08-10, 34.05, 34.1, 30.51, 31.61
2020-08-11, 32.1, 33.2267, 31.5, 32.04
2020-08-12, 32.47, 34.08, 31.9101, 33.74
2020-08-13, 34.8, 36.17, 34.159, 36.05
2020-08-14, 34.0035, 35.5, 32.42, 33.91
2020-08-17, 34.1595, 35.73, 33.46, 34.68
2020-08-18, 35.0, 37.61, 34.87, 37.21
2020-08-19, 37.01, 38.17, 36.22, 36.27
2020-08-20, 35.5, 37.02, 35.1, 36.32
2020-08-21, 36.01, 36.595, 34.6445, 35.15
2020-08-24, 35.71, 35.9, 34.28, 35.81
2020-08-25, 35.88, 40.06, 35.43, 39.06
2020-08-26, 39.59, 40.72, 38.15, 38.86
2020-08-27, 37.19, 40.44, 36.51, 39.06
2020-08-28, 37.99, 38.61, 36.19, 36.32
2020-08-31, 36.52, 37.34, 34.85, 35.36
2020-09-01, 35.4, 37.18, 35.22, 36.93
2020-09-02, 41.07, 41.294, 37.11, 39.9
2020-09-03, 39.83, 40.89, 37.2, 38.27
2020-09-04, 37.94, 38.97, 34.47, 37.0
2020-09-08, 35.6, 38.17, 35.52, 37.01
2020-09-09, 38.3, 40.81, 37.1, 40.38
2020-09-10, 41.075, 44.08, 40.55, 42.54
2020-09-11, 43.2, 43.88, 40.3, 41.46
2020-09-14, 41.97, 49.31, 40.33, 48.62
2020-09-15, 47.79, 49.88, 46.5112, 48.21
2020-09-16, 49.91, 53.2537, 49.5, 51.03
2020-09-17, 49.1, 54.32, 48.05, 53.11
2020-09-18, 53.25, 55.7, 52.6, 55.39
2020-09-21, 53.32, 53.98, 49.1, 51.49
2020-09-22, 52.3, 54.76, 51.67, 53.94
2020-09-23, 53.9442, 54.9577, 50.01, 50.12
2020-09-24, 49.3998, 51.85, 47.101, 50.57
2020-09-25, 53.47, 53.59, 51.4, 53.19
2020-09-28, 55.25, 58.39, 53.85, 56.89
2020-09-29, 57.32, 59.45, 55.6, 55.74
2020-09-30, 56.2, 59.12, 55.8, 58.84
2020-10-01, 61.78, 62.73, 59.82, 61.83
2020-10-02, 58.99, 64.19, 58.85, 63.78
2020-10-05, 61.34, 62.45, 58.6, 60.55
2020-10-06, 59.95, 60.36, 55.8, 56.78
2020-10-07, 52.86, 54.88, 52.2, 53.33
2020-10-08, 54.158, 54.78, 50.61, 51.13
2020-10-09, 50.75, 51.7, 48.26, 48.82
2020-10-12, 51.01, 52.52, 50.33, 50.6
2020-10-13, 50.85, 51.4, 49.525, 51.18
2020-10-14, 51.51, 52.22, 47.5, 47.56
2020-10-15, 47.52, 48.47, 44.8, 45.0
2020-10-16, 45.5, 46.53, 43.5, 44.34
2020-10-19, 44.43, 44.97, 41.7, 44.58
2020-10-20, 43.01, 44.97, 42.3, 42.53
2020-10-21, 42.91, 43.82, 41.25, 41.5
2020-10-22, 41.85, 43.07, 40.43, 43.0
2020-10-23, 43.1165, 43.49, 41.76, 42.74
2020-10-26, 42.15, 42.64, 39.35, 39.69
2020-10-27, 40.54, 40.69, 37.9, 38.7
2020-10-28, 37.6, 40.01, 37.12, 38.15
2020-10-29, 39.1, 39.35, 37.27, 37.37
2020-10-30, 37.43, 38.18, 34.9, 35.4
2020-11-02, 35.57, 36.67, 35.02, 35.72
2020-11-03, 36.33, 37.76, 35.84, 37.47
2020-11-04, 39.43, 40.79, 38.33, 39.46
2020-11-05, 41.27, 43.6, 40.82, 43.03
2020-11-06, 42.23, 42.6599, 41.17, 42.32
2020-11-09, 44.17, 44.49, 41.47, 41.5
2020-11-10, 40.79, 41.09, 38.44, 40.36
2020-11-11, 40.77, 41.8668, 39.75, 41.64
2020-11-12, 40.94, 42.09, 40.86, 41.25
2020-11-13, 45.4, 45.5, 42.22, 42.84
2020-11-16, 42.4, 42.82, 40.81, 42.73
2020-11-17, 44.2, 46.83, 43.25, 46.61
2020-11-18, 47.1, 49.06, 46.63, 47.68
2020-11-19, 48.75, 50.02, 48.14, 49.32
2020-11-20, 49.79, 50.05, 47.39, 48.23
2020-11-23, 48.5, 48.88, 46.9, 48.03
2020-11-24, 48.3464, 49.04, 46.61, 47.89
2020-11-25, 47.79, 51.08, 47.77, 50.23
2020-11-27, 51.82, 52.98, 50.7069, 52.75
2020-11-30, 53.5, 53.72, 49.08, 52.36
2020-12-01, 52.356, 52.66, 49.94, 50.78
2020-12-02, 49.36, 51.49, 48.42, 51.1
2020-12-03, 50.1, 51.84, 49.55, 50.06
2020-12-04, 50.243, 50.95, 49.0799, 49.25
2020-12-07, 49.41, 50.58, 47.63, 47.93
2020-12-08, 47.49, 50.905, 45.71, 50.85
2020-12-09, 50.1, 53.44, 48.33, 48.94
2020-12-10, 48.33, 50.1699, 47.7756, 50.11
2020-12-11, 49.97, 51.3, 48.9431, 50.09
2020-12-14, 50.98, 51.54, 49.77, 50.58
2020-12-15, 51.15, 51.18, 49.81, 50.5
2020-12-16, 50.82, 54.34, 50.13, 53.8
2020-12-17, 53.97, 55.47, 52.8, 55.2
2020-12-18, 55.17, 55.98, 52.13, 53.9
2020-12-21, 51.95, 54.24, 51.8, 53.34
2020-12-22, 53.85, 54.4, 50.88, 52.4
2020-12-23, 52.576, 54.7309, 51.41, 53.89
2020-12-24, 54.0, 54.4872, 51.95, 52.11
2020-12-28, 52.36, 52.62, 48.56, 48.96
2020-12-29, 49.04, 49.5, 47.28, 48.11
2020-12-30, 48.06, 49.99, 47.75, 48.95
2020-12-31, 48.8977, 48.95, 46.52, 46.56
2021-01-04, 47.0, 47.23, 44.5, 44.86
2021-01-05, 44.35, 47.78, 44.1043, 47.58
2021-01-06, 51.3419, 51.8, 47.92, 48.995
2021-01-07, 50.06, 50.4, 49.215, 49.77
2021-01-08, 50.31, 52.62, 49.91, 52.0
2021-01-11, 50.9, 54.3, 49.81, 53.6
2021-01-12, 53.9196, 55.58, 52.71, 53.39
2021-01-13, 53.5096, 55.23, 52.62, 54.63
2021-01-14, 55.07, 56.77, 54.6, 54.92
2021-01-15, 54.51, 55.03, 51.7, 53.7
2021-01-19, 53.83, 53.92, 50.78, 51.29
2021-01-20, 53.925, 54.1, 52.07, 53.18
2021-01-21, 53.58, 54.4454, 52.66, 53.56
2021-01-22, 52.89, 53.56, 51.75, 52.53
2021-01-25, 52.96, 53.64, 49.68, 51.29
2021-01-26, 53.68, 56.52, 52.85, 54.06
2021-01-27, 53.63, 56.69, 52.09, 54.27
2021-01-28, 54.01, 57.89, 52.75, 56.17
2021-01-29, 56.99, 57.54, 52.61, 54.11
2021-02-01, 54.54, 55.75, 53.1416, 54.64
2021-02-02, 58.46, 60.95, 57.4204, 59.31
2021-02-03, 60.09, 60.85, 58.39, 60.11
2021-02-04, 62.33, 63.17, 60.841, 63.16
2021-02-05, 63.9, 64.51, 62.41, 63.87
2021-02-08, 64.72, 64.78, 60.58, 61.97
2021-02-09, 62.3615, 63.69, 61.71, 62.13
2021-02-10, 62.8399, 63.82, 61.02, 62.71
2021-02-11, 62.24, 62.5476, 58.64, 59.19
2021-02-12, 59.26, 61.17, 59.2, 61.07
2021-02-16, 61.55, 61.73, 59.94, 60.5
2021-02-17, 59.95, 60.03, 57.635, 58.86
2021-02-18, 57.86, 58.86, 56.5156, 58.28
2021-02-19, 60.39, 61.8262, 59.485, 60.91
2021-02-22, 61.55, 63.25, 60.174, 60.37
2021-02-23, 57.23, 60.44, 52.67, 60.27
2021-02-24, 60.5153, 60.83, 58.24, 60.28
2021-02-25, 60.39, 61.6299, 57.21, 57.81
2021-02-26, 60.0, 62.67, 58.27, 61.53
2021-03-01, 63.48, 68.9, 63.25, 68.72
2021-03-02, 68.01, 70.38, 66.89, 68.58
2021-03-03, 71.83, 72.16, 64.8908, 65.75
2021-03-04, 67.17, 68.11, 60.26, 61.91
2021-03-05, 62.06, 62.5, 54.35, 59.52
2021-03-08, 60.85, 62.3099, 59.6, 60.5
2021-03-09, 64.0, 64.83, 61.95, 62.2
2021-03-10, 64.53, 70.6, 63.79, 69.29
2021-03-11, 69.52, 72.01, 68.23, 71.61
2021-03-12, 69.4346, 74.09, 69.08, 71.75
2021-03-15, 68.97, 73.33, 67.1, 67.75
2021-03-16, 70.04, 70.36, 66.0105, 67.14
2021-03-17, 65.75, 70.78, 65.19, 70.65
2021-03-18, 69.3, 71.81, 67.1, 67.61
2021-03-19, 68.042, 72.83, 67.92, 71.98
2021-03-22, 73.19, 74.38, 69.65, 71.72
2021-03-23, 71.59, 73.15, 69.09, 69.75
2021-03-24, 70.07, 70.64, 66.2235, 66.63
2021-03-25, 63.775, 66.35, 62.52, 65.86
2021-03-26, 66.03, 66.8, 60.77, 63.6
2021-03-29, 63.75, 64.7199, 58.1, 58.2
2021-03-30, 59.205, 61.5, 57.9, 61.0
2021-03-31, 61.86, 62.44, 60.632, 61.33
2021-04-01, 62.0, 63.28, 61.34, 62.88
2021-04-05, 64.02, 64.1497, 62.2741, 62.63
2021-04-06, 62.22, 64.55, 62.105, 63.8
2021-04-07, 64.3498, 64.6, 61.83, 62.09
2021-04-08, 62.3, 63.08, 60.41, 61.11
2021-04-09, 60.88, 63.59, 60.81, 62.31
2021-04-12, 61.355, 61.8861, 57.14, 58.03
2021-04-13, 58.23, 59.4899, 56.82, 59.24
2021-04-14, 59.9, 60.8288, 58.8, 58.88
2021-04-15, 59.6652, 59.6652, 56.76, 57.48
2021-04-16, 59.515, 59.979, 57.83, 57.98
2021-04-19, 57.02, 58.77, 55.64, 56.68
2021-04-20, 56.0, 57.0499, 53.76, 55.71
2021-04-21, 55.49, 58.83, 54.89, 58.78
2021-04-22, 59.27, 59.669, 56.51, 57.17
2021-04-23, 57.25, 58.45, 57.24, 58.12
2021-04-26, 58.15, 59.459, 57.5601, 59.23
2021-04-27, 60.84, 62.27, 58.88, 59.13
2021-04-28, 58.72, 59.89, 58.25, 59.69
2021-04-29, 59.82, 59.99, 56.22, 57.46
2021-04-30, 56.79, 58.05, 56.11, 56.66
2021-05-03, 57.83, 58.32, 56.53, 57.08
2021-05-04, 56.27, 56.34, 53.1025, 56.13
2021-05-05, 56.0465, 57.6099, 55.8343, 56.18
2021-05-06, 55.69, 55.82, 50.25, 51.89
2021-05-07, 53.45, 53.51, 48.16, 48.42
2021-05-10, 47.56, 47.58, 44.46, 45.34
2021-05-11, 42.66, 45.61, 42.22, 44.01
2021-05-12, 43.8, 44.79, 41.4358, 42.11
2021-05-13, 42.99, 43.95, 39.93, 40.99
2021-05-14, 41.53, 45.29, 41.44, 44.89
2021-05-17, 43.72, 43.91, 42.5522, 43.51
2021-05-18, 43.795, 45.36, 43.55, 44.27
2021-05-19, 42.332, 43.52, 41.81, 43.44
2021-05-20, 43.656, 44.8697, 43.38, 44.54
2021-05-21, 45.145, 46.12, 44.4101, 44.63
2021-05-24, 44.8335, 49.26, 44.34, 47.86
2021-05-25, 49.17, 49.98, 47.28, 48.42
2021-05-26, 48.65, 49.96, 48.37, 49.46
2021-05-27, 49.18, 50.61, 48.52, 50.4
2021-05-28, 50.51, 51.92, 49.7765, 49.95
2021-06-01, 50.2, 50.38, 48.62, 49.57
2021-06-02, 48.78, 51.02, 48.3134, 50.97
2021-06-03, 49.81, 50.75, 49.22, 49.71
2021-06-04, 49.92, 50.545, 49.78, 50.33
2021-06-07, 50.41, 53.65, 50.32, 53.51
2021-06-08, 54.0, 55.61, 52.96, 55.3
2021-06-09, 55.69, 56.0, 53.66, 54.48
2021-06-10, 54.22, 54.68, 52.78, 53.65
2021-06-11, 53.71, 54.68, 53.02, 53.14
2021-06-14, 53.08, 53.0995, 50.41, 50.62
2021-06-15, 44.949, 49.05, 44.65, 48.51
2021-06-16, 48.86, 50.13, 47.49, 48.81
2021-06-17, 48.0538, 49.94, 48.03, 49.2
2021-06-18, 48.95, 49.57, 47.4333, 48.06
2021-06-21, 47.85, 49.25, 47.02, 49.0
2021-06-22, 48.94, 50.26, 48.47, 50.16
2021-06-23, 50.56, 51.17, 50.07, 50.53
2021-06-24, 51.2164, 51.59, 50.26, 51.06
2021-06-25, 51.1838, 52.32, 50.92, 51.67
2021-06-28, 51.71, 52.76, 50.89, 52.71
2021-06-29, 52.9, 52.95, 51.46, 52.03
2021-06-30, 51.95, 52.8, 51.3001, 52.17
2021-07-01, 52.27, 53.39, 51.03, 51.8
2021-07-02, 51.92, 52.36, 50.57, 51.28
2021-07-06, 51.15, 51.935, 50.77, 51.49
2021-07-07, 51.33, 52.3, 48.6101, 48.75
2021-07-08, 46.36, 48.76, 46.22, 48.26
2021-07-09, 48.3, 50.38, 47.45, 49.09
2021-07-12, 49.1979, 49.596, 48.14, 49.16
2021-07-13, 48.88, 49.07, 47.7, 47.73
2021-07-14, 48.07, 48.0764, 44.52, 44.85
2021-07-15, 44.4035, 45.67, 43.51, 44.83
2021-07-16, 44.98, 45.06, 43.3, 43.79
2021-07-19, 42.57, 45.68, 42.21, 44.66
2021-07-20, 44.762, 46.1199, 43.84, 45.82
2021-07-21, 46.92, 49.179, 46.58, 48.88
2021-07-22, 48.9, 49.31, 48.13, 49.24
2021-07-23, 49.2944, 50.01, 48.675, 49.33
2021-07-26, 49.18, 49.86, 48.229, 49.22
2021-07-27, 48.84, 49.67, 47.4, 48.77
2021-07-28, 48.98, 50.9, 48.9, 50.65
2021-07-29, 50.905, 51.27, 49.64, 49.79
2021-07-30, 49.36, 50.03, 48.06, 48.5
2021-08-02, 48.9, 49.8725, 48.4994, 49.0
2021-08-03, 48.81, 48.9604, 47.47, 48.39
2021-08-04, 47.99, 49.19, 47.75, 48.67
2021-08-05, 48.95, 50.72, 48.55, 50.48
2021-08-06, 52.786, 53.79, 50.16, 51.59
2021-08-09, 52.5, 52.95, 50.96, 52.36
2021-08-10, 52.46, 53.97, 51.62, 51.98
2021-08-11, 52.02, 52.69, 50.7211, 52.18
2021-08-12, 52.16, 54.72, 51.5224, 54.61
2021-08-13, 54.64, 54.6805, 53.23, 53.5
2021-08-16, 52.8035, 53.24, 51.51, 52.46
2021-08-17, 51.84, 52.14, 50.72, 51.11
2021-08-18, 51.3, 53.09, 51.1708, 52.1
2021-08-19, 51.42, 52.1586, 50.97, 51.54
2021-08-20, 51.45, 52.37, 51.25, 52.01
2021-08-23, 52.2696, 53.9, 52.19, 53.32
2021-08-24, 54.08, 56.8299, 53.47, 56.47
2021-08-25, 56.99, 60.37, 56.5, 60.11
2021-08-26, 59.69, 60.32, 57.5238, 57.86
2021-08-27, 58.14, 61.77, 57.8, 60.01
2021-08-30, 60.11, 60.38, 58.65, 59.25
2021-08-31, 59.42, 60.4, 58.76, 59.29
2021-09-01, 59.38, 61.59, 59.3, 60.21
2021-09-02, 60.6, 61.68, 59.84, 61.07
2021-09-03, 61.07, 61.1401, 60.04, 61.02
2021-09-07, 61.435, 64.18, 61.235, 63.58
2021-09-08, 63.749, 64.58, 62.38, 63.39
2021-09-09, 63.23, 64.5, 62.82, 63.67
2021-09-10, 64.085, 64.49, 62.42, 62.46
2021-09-13, 62.9, 62.98, 59.25, 60.46
2021-09-14, 60.0074, 61.33, 58.821, 59.05
2021-09-15, 59.11, 60.55, 58.54, 59.84
2021-09-16, 59.59, 60.18, 59.06, 59.97
2021-09-17, 60.024, 60.84, 59.115, 60.42
2021-09-20, 57.95, 58.94, 55.99, 57.0
2021-09-21, 56.01, 58.02, 52.33, 52.77
2021-09-22, 52.45, 53.29, 51.571, 52.63
2021-09-23, 52.92, 53.8499, 51.53, 51.75
2021-09-24, 51.58, 52.32, 50.95, 51.33
2021-09-27, 51.2501, 51.89, 50.4204, 51.39
2021-09-28, 50.65, 51.209, 49.41, 49.93
2021-09-29, 50.0, 50.45, 48.105, 48.32
2021-09-30, 48.46, 48.99, 47.54, 48.16
2021-10-01, 48.59, 50.79, 48.47, 50.56
2021-10-04, 50.33, 50.765, 48.27, 48.46
2021-10-05, 48.72, 50.54, 48.48, 49.29
2021-10-06, 48.79, 49.79, 48.45, 48.99
2021-10-07, 49.78, 51.07, 49.275, 49.37
2021-10-08, 49.5, 49.82, 47.82, 47.91
2021-10-11, 48.48, 49.93, 48.39, 48.88
2021-10-12, 48.8, 49.9, 48.49, 48.94
2021-10-13, 49.61, 50.49, 49.56, 49.82
2021-10-14, 50.2399, 51.3, 49.32, 49.36
2021-10-15, 49.5, 49.75, 47.84, 48.08
2021-10-18, 48.12, 49.6195, 47.94, 48.65
2021-10-19, 49.0274, 50.23, 48.01, 48.84
2021-10-20, 48.91, 49.63, 48.4122, 49.09
2021-10-21, 49.2, 49.905, 48.76, 48.92
2021-10-22, 48.55, 48.55, 46.07, 46.11
2021-10-25, 46.05, 47.35, 45.3625, 46.82
2021-10-26, 49.61, 50.48, 48.39, 48.75
2021-10-27, 48.73, 49.4538, 47.74, 47.83
2021-10-28, 48.23, 48.23, 46.66, 47.18
2021-10-29, 47.355, 47.8, 46.35, 46.59
2021-11-01, 46.95, 49.12, 46.7493, 49.02
2021-11-02, 48.045, 48.15, 46.7, 47.6
2021-11-03, 47.79, 48.17, 46.45, 46.84
2021-11-04, 47.34, 47.42, 43.68, 44.68
2021-11-05, 42.365, 45.97, 42.15, 43.62
2021-11-08, 43.88, 45.1399, 43.04, 44.78
2021-11-09, 44.89, 45.25, 42.6501, 43.05
2021-11-10, 42.55, 43.09, 40.64, 41.08
2021-11-11, 41.25, 41.75, 40.62, 40.71
2021-11-12, 40.8561, 41.9, 39.97, 40.51
2021-11-15, 40.7864, 41.265, 39.17, 39.36
2021-11-16, 39.43, 39.8699, 38.33, 39.28
2021-11-17, 39.2562, 39.5, 37.76, 37.87
2021-11-18, 37.87, 38.59, 36.35, 36.62
2021-11-19, 36.62, 37.57, 35.92, 36.14
2021-11-22, 36.41, 37.45, 35.82, 36.79
2021-11-23, 36.81, 37.71, 34.42, 35.04
2021-11-24, 34.75, 35.9, 34.75, 35.58
2021-11-26, 34.89, 36.2, 34.7508, 36.04
2021-11-29, 36.45, 36.57, 34.52, 35.2
2021-11-30, 34.957, 35.27, 33.33, 34.55
2021-12-01, 34.75, 34.97, 31.14, 31.24
2021-12-02, 31.051, 32.55, 30.41, 31.3
2021-12-03, 31.2, 31.23, 27.475, 28.37
2021-12-06, 28.155, 31.07, 27.52, 30.68
2021-12-07, 31.9, 32.68, 31.14, 31.27
2021-12-08, 31.41, 33.93, 30.83, 33.38
2021-12-09, 32.61, 33.26, 31.38, 31.45
2021-12-10, 31.575, 32.4693, 30.105, 30.41
2021-12-13, 30.11, 30.49, 28.58, 28.85
2021-12-14, 28.125, 28.93, 27.68, 27.81
2021-12-15, 27.78, 29.07, 26.67, 28.67
2021-12-16, 29.39, 29.4, 26.42, 26.98
2021-12-17, 26.627, 29.23, 25.8, 28.67
2021-12-20, 27.8432, 28.65, 27.32, 27.9
2021-12-21, 28.15, 30.47, 28.15, 30.31
2021-12-22, 30.11, 30.71, 29.409, 29.57
2021-12-23, 29.83, 30.0199, 28.82, 29.44
2021-12-27, 29.49, 29.5148, 27.98, 28.2
2021-12-28, 27.85, 28.6087, 27.085, 27.32
2021-12-29, 27.181, 27.23, 25.96, 26.59
2021-12-30, 26.4463, 28.74, 26.4, 28.46
2021-12-31, 28.2348, 28.8, 27.435, 27.47
2022-01-03, 27.845, 28.55, 26.97, 27.77
2022-01-04, 27.75, 27.87, 26.11, 26.63
2022-01-05, 26.5, 26.91, 24.06, 24.65
2022-01-06, 24.5, 26.47, 23.21, 25.8
2022-01-07, 26.02, 27.98, 25.79, 27.24
2022-01-10, 26.8321, 27.1, 24.83, 26.13
2022-01-11, 25.7, 27.5999, 25.1, 26.94
2022-01-12, 27.24, 27.8999, 25.929, 26.1
2022-01-13, 26.1, 26.54, 24.145, 24.24
2022-01-14, 24.05, 24.5392, 22.41, 23.19
2022-01-18, 22.86, 23.22, 22.12, 22.18
2022-01-19, 22.39, 22.85, 21.33, 21.4
2022-01-20, 21.756, 22.64, 20.57, 20.67
2022-01-21, 20.26, 20.95, 19.33, 19.46
2022-01-24, 18.77, 20.16, 17.41, 20.03
2022-01-25, 19.36, 20.28, 18.725, 19.32
2022-01-26, 20.9, 22.82, 20.17, 20.33
2022-01-27, 20.73, 21.6, 19.2, 19.39
2022-01-28, 19.4334, 20.88, 18.89, 20.64
2022-01-31, 20.7, 22.27, 20.66, 22.09
2022-02-01, 22.21, 23.71, 21.71, 23.68
2022-02-02, 23.5, 23.58, 21.67, 21.79
2022-02-03, 21.18, 22.3499, 20.5, 20.55
2022-02-04, 20.63, 22.02, 20.33, 21.89
2022-02-07, 21.85, 22.8476, 21.17, 21.5
2022-02-08, 21.4, 22.1966, 21.03, 22.12
2022-02-09, 22.4, 23.45, 22.11, 23.42
2022-02-10, 22.8, 24.18, 22.53, 22.78
2022-02-11, 22.95, 24.73, 22.88, 23.33
2022-02-14, 22.86, 23.85, 22.025, 22.2
2022-02-15, 22.7, 23.755, 22.03, 23.73
2022-02-16, 23.17, 23.56, 22.61, 22.99
2022-02-17, 22.69, 23.43, 21.9, 22.06
2022-02-18, 18.995, 19.48, 17.225, 17.29
2022-02-22, 16.625, 18.96, 16.56, 18.59
2022-02-23, 19.24, 20.94, 19.05, 19.63
2022-02-24, 18.34, 21.87, 18.1204, 21.83
2022-02-25, 21.41, 22.24, 20.3, 22.2
2022-02-28, 22.5, 23.71, 21.76, 23.68
2022-03-01, 23.3, 25.0091, 23.18, 23.52
2022-03-02, 23.85, 24.15, 22.03, 23.19
2022-03-03, 23.516, 23.773, 20.65, 20.91
2022-03-04, 21.28, 22.11, 20.44, 20.69
2022-03-07, 20.58, 20.89, 18.0, 18.05
2022-03-08, 18.14, 18.48, 16.89, 17.38
2022-03-09, 17.99, 18.3802, 17.46, 17.78
2022-03-10, 17.8, 17.93, 16.77, 17.58
2022-03-11, 17.73, 17.755, 16.055, 16.11
2022-03-14, 15.925, 16.345, 15.12, 15.26
2022-03-15, 15.3, 16.22, 14.97, 16.13
2022-03-16, 16.62, 18.36, 16.33, 18.32
2022-03-17, 17.78, 19.088, 17.55, 18.99
2022-03-18, 18.55, 19.88, 18.54, 19.62
2022-03-21, 19.26, 19.55, 18.35, 18.79
2022-03-22, 18.79, 20.16, 18.6811, 19.41
2022-03-23, 19.21, 19.855, 18.78, 18.91
2022-03-24, 18.96, 19.23, 17.99, 19.05
2022-03-25, 19.04, 19.16, 18.01, 18.2
2022-03-28, 18.39, 18.99, 17.63, 18.65
2022-03-29, 18.94, 20.93, 18.71, 20.69
2022-03-30, 20.29, 21.26, 20.02, 20.41
2022-03-31, 20.38, 20.56, 19.46, 19.47
2022-04-01, 19.57, 19.96, 18.76, 19.05
2022-04-04, 19.39, 21.025, 19.23, 20.41
2022-04-05, 20.34, 20.48, 19.01, 19.05
2022-04-06, 18.65, 18.9, 17.14, 17.68
2022-04-07, 17.61, 18.04, 16.485, 17.2
2022-04-08, 16.97, 17.1483, 16.295, 16.38
2022-04-11, 16.095, 17.36, 15.905, 16.87
2022-04-12, 17.03, 17.85, 16.24, 16.41
2022-04-13, 16.41, 17.21, 16.21, 16.75
2022-04-14, 16.76, 16.8699, 16.3, 16.49
2022-04-18, 16.42, 16.45, 15.5614, 15.98
2022-04-19, 16.03, 17.22, 15.845, 16.88
2022-04-20, 16.76, 16.9, 15.56, 15.56
2022-04-21, 15.92, 15.9901, 14.1809, 14.36
2022-04-22, 14.42, 14.715, 13.73, 14.03
2022-04-25, 13.95, 14.69, 13.7585, 14.68
2022-04-26, 14.41, 14.68, 13.795, 13.96
2022-04-27, 13.93, 14.32, 13.51, 13.87
2022-04-28, 14.07, 14.33, 13.0599, 14.1
2022-04-29, 14.05, 14.8, 13.64, 13.68
2022-05-02, 13.7, 15.0, 13.49, 14.99
2022-05-03, 14.852, 15.56, 14.75, 15.08
2022-05-04, 15.08, 15.88, 14.495, 15.73
2022-05-05, 15.55, 15.5644, 13.88, 14.44
2022-05-06, 15.0, 15.0428, 12.965, 13.15
2022-05-09, 12.715, 12.88, 10.92, 10.99
2022-05-10, 11.47, 11.75, 10.38, 11.36
2022-05-11, 11.0, 11.7, 10.22, 10.27
2022-05-12, 10.14, 11.73, 9.77, 11.37
2022-05-13, 11.63, 12.67, 11.63, 12.61
2022-05-16, 13.14, 13.465, 12.4, 12.48
2022-05-17, 12.86, 13.87, 12.66, 13.86
2022-05-18, 13.47, 14.65, 13.31, 13.86
2022-05-19, 13.73, 14.66, 13.585, 14.15
2022-05-20, 14.27, 14.5497, 13.1901, 14.03
2022-05-23, 14.01, 14.31, 13.56, 13.94
2022-05-24, 13.71, 14.12, 13.31, 13.51
2022-05-25, 13.44, 14.28, 13.4034, 14.13
2022-05-26, 13.99, 14.63, 13.9, 14.24
2022-05-27, 14.43, 14.8694, 14.245, 14.72
2022-05-31, 14.71, 14.785, 13.16, 13.55
2022-06-01, 13.59, 13.84, 13.28, 13.51
2022-06-02, 13.47, 14.415, 13.4191, 14.26
2022-06-03, 13.92, 13.95, 12.64, 12.72
2022-06-06, 12.86, 13.36, 12.655, 13.08
2022-06-07, 12.74, 13.09, 12.56, 12.95
2022-06-08, 12.83, 14.655, 12.8, 14.33
2022-06-09, 14.19, 14.59, 13.75, 13.82
2022-06-10, 13.35, 13.88, 13.015, 13.1
2022-06-13, 12.28, 12.6, 10.93, 11.03
2022-06-14, 11.14, 11.84, 10.61, 11.61
2022-06-15, 11.63, 12.55, 11.57, 12.23
2022-06-16, 11.73, 11.86, 10.515, 10.72
2022-06-17, 10.84, 11.62, 10.775, 11.42
2022-06-21, 11.725, 12.5, 11.632, 12.17
2022-06-22, 11.87, 13.03, 11.87, 12.52
2022-06-23, 12.62, 13.23, 12.55, 13.08
2022-06-24, 13.27, 14.19, 13.23, 14.15
2022-06-27, 14.255, 14.38, 13.28, 13.6
2022-06-28, 13.82, 14.21, 12.65, 12.76
2022-06-29, 12.56, 12.7734, 12.242, 12.41
2022-06-30, 12.185, 12.31, 11.435, 11.67
2022-07-01, 11.75, 12.085, 11.4813, 11.77
2022-07-05, 11.61, 12.98, 11.26, 12.97
2022-07-06, 12.86, 13.34, 12.31, 12.37
2022-07-07, 12.31, 13.125, 12.165, 13.1
2022-07-08, 12.71, 13.2, 12.535, 12.74
2022-07-11, 12.53, 12.6399, 11.37, 11.43
2022-07-12, 11.51, 12.0099, 11.3, 11.85
2022-07-13, 11.29, 12.04, 11.215, 11.72
2022-07-14, 11.55, 11.69, 11.1231, 11.22
2022-07-15, 11.45, 12.915, 11.36, 12.86
2022-07-18, 13.18, 13.505, 12.81, 13.0
2022-07-19, 13.26, 13.6299, 13.17, 13.49
2022-07-20, 13.54, 14.6101, 13.52, 14.28
2022-07-21, 14.09, 14.42, 13.92, 14.27
2022-07-22, 14.44, 14.55, 13.16, 13.53
2022-07-25, 13.465, 13.72, 13.22, 13.39
2022-07-26, 13.06, 13.16, 12.56, 12.65
2022-07-27, 13.1, 13.69, 12.87, 13.68
2022-07-28, 13.67, 14.01, 13.15, 13.73
2022-07-29, 13.53, 13.765, 13.15, 13.73
2022-08-01, 13.58, 14.27, 13.28, 14.11
2022-08-02, 13.85, 15.5779, 13.75, 15.37
2022-08-03, 15.75, 16.91, 15.46, 16.82
2022-08-04, 16.9, 16.95, 15.98, 16.36
2022-08-05, 17.8, 19.53, 17.25, 17.96
2022-08-08, 17.94, 19.29, 17.92, 18.43
2022-08-09, 18.0, 18.75, 17.52, 17.89
2022-08-10, 18.74, 19.38, 18.19, 19.35
2022-08-11, 19.9, 20.3, 18.52, 18.54
2022-08-12, 19.07, 20.7, 18.85, 20.67
2022-08-15, 20.305, 21.12, 20.22, 20.8
2022-08-16, 20.52, 21.45, 20.38, 20.66
2022-08-17, 20.41, 21.05, 20.08, 20.57
2022-08-18, 20.67, 20.6799, 19.4438, 19.58
2022-08-19, 18.99, 19.1, 17.985, 18.14
2022-08-22, 17.41, 18.015, 17.03, 17.24
2022-08-23, 17.37, 17.7202, 17.02, 17.06
2022-08-24, 17.06, 17.89, 16.945, 17.45
2022-08-25, 17.684, 17.97, 17.25, 17.43
2022-08-26, 17.45, 17.63, 16.37, 16.53
2022-08-29, 16.27, 16.92, 16.1604, 16.5
2022-08-30, 16.76, 17.0299, 16.06, 16.38
2022-08-31, 16.68, 16.89, 15.875, 16.06
2022-09-01, 15.78, 15.97, 15.0701, 15.96
2022-09-02, 16.29, 16.34, 15.26, 15.49
2022-09-06, 15.83, 15.945, 15.15, 15.68
2022-09-07, 15.635, 16.47, 15.6288, 16.36
2022-09-08, 16.04, 17.04, 16.02, 16.99
2022-09-09, 17.325, 17.7289, 17.1, 17.63
2022-09-12, 17.85, 18.32, 17.5, 18.2
2022-09-13, 17.38, 18.0299, 17.045, 17.35
2022-09-14, 17.29, 18.42, 17.1491, 18.4
2022-09-15, 18.255, 19.79, 18.17, 19.22
2022-09-16, 18.69, 19.1, 18.36, 18.6
2022-09-19, 18.37, 18.78, 18.27, 18.67
2022-09-20, 18.5, 18.69, 17.45, 17.47
2022-09-21, 17.3, 17.72, 16.685, 16.72
2022-09-22, 16.51, 16.78, 15.485, 15.58
2022-09-23, 15.37, 15.65, 14.57, 14.98
2022-09-26, 15.14, 15.68, 14.57, 14.59
2022-09-27, 15.03, 15.89, 14.875, 15.32
2022-09-28, 15.37, 16.02, 15.1, 15.88
2022-09-29, 15.56, 15.7594, 14.9199, 15.33
2022-09-30, 15.06, 15.819, 14.94, 15.14
2022-10-03, 15.43, 15.59, 14.6201, 15.4
2022-10-04, 16.12, 17.0, 16.075, 16.85
2022-10-05, 16.41, 16.87, 16.07, 16.7
2022-10-06, 16.45, 17.04, 15.9501, 16.04
2022-10-07, 16.99, 17.45, 16.18, 16.57
2022-10-10, 16.32, 16.34, 14.25, 14.28
2022-10-11, 14.17, 14.47, 12.585, 13.68
2022-10-12, 13.42, 13.69, 12.8001, 13.49
2022-10-13, 12.75, 13.5, 12.44, 13.22
2022-10-14, 13.42, 13.8, 12.3447, 12.48
2022-10-17, 12.88, 13.55, 12.83, 13.15
2022-10-18, 13.8, 13.89, 13.24, 13.55
2022-10-19, 13.35, 13.49, 12.93, 13.14
2022-10-20, 13.1, 13.715, 13.04, 13.31
2022-10-21, 13.12, 13.62, 12.875, 13.21
2022-10-24, 13.105, 13.15, 12.45, 13.07
2022-10-25, 13.12, 14.165, 13.12, 14.1
2022-10-26, 13.86, 15.27, 13.7938, 14.6
2022-10-27, 14.805, 15.3, 14.48, 14.62
2022-10-28, 14.74, 15.17, 14.46, 15.12
2022-10-31, 15.21, 16.01, 15.04, 15.8
2022-11-01, 16.33, 16.77, 16.03, 16.45
2022-11-02, 16.83, 17.25, 15.85, 15.92
2022-11-03, 15.75, 16.0301, 15.22, 15.67
2022-11-04, 13.25, 14.02, 11.12, 11.31
2022-11-07, 11.56, 11.88, 10.85, 11.8
2022-11-08, 11.92, 12.9074, 11.76, 12.55
2022-11-09, 12.0, 12.28, 11.4, 11.66
2022-11-10, 12.6, 13.68, 12.4, 13.64
2022-11-11, 13.68, 15.005, 13.51, 14.88
2022-11-14, 14.59, 15.25, 14.43, 14.74
2022-11-15, 15.24, 15.77, 15.06, 15.42
2022-11-16, 15.08, 15.42, 14.64, 14.86
2022-11-17, 14.382, 15.19, 14.22, 14.9
2022-11-18, 15.64, 15.84, 14.96, 15.05
2022-11-21, 14.83, 15.255, 13.37, 14.29
2022-11-22, 14.31, 14.71, 13.965, 14.69
2022-11-23, 14.82, 15.4, 14.71, 15.34
2022-11-25, 15.18, 15.22, 14.91, 15.14
2022-11-28, 14.31, 14.87, 14.22, 14.5
2022-11-29, 14.685, 15.07, 14.365, 14.44
2022-11-30, 14.57, 15.37, 14.42, 15.32
2022-12-01, 15.4, 15.76, 14.9, 15.52
2022-12-02, 15.03, 15.53, 14.9, 15.49
2022-12-05, 15.42, 15.87, 14.74, 14.83
2022-12-06, 14.915, 14.96, 13.97, 14.2
2022-12-07, 14.09, 14.28, 13.705, 13.9
2022-12-08, 14.14, 14.755, 13.86, 14.61
2022-12-09, 14.46, 14.745, 13.875, 13.96
2022-12-12, 13.58, 14.51, 13.46, 14.31
